<?xml version="1.0" encoding="UTF-8" standalone="yes"?>
<addon id="plugin.video.Sport.center"
       name="[COLOR orange]Sport Center[/COLOR]"
       version="1.0.6"
       provider-name="Iberika, Netai, DaQueenQueen">
  <requires>
    <import addon="xbmc.python" version="2.1.0"/>
    <import addon="script.module.beautifulsoup" version="3.2.1"/>
    <import addon="script.module.simple.downloader" version="0.9.4"/>
    <import addon="script.module.requests" />
    <import addon="script.module.httplib2" />
    <import addon="script.module.liveresolver" version="0.1.24" optional="true"/>
    <import addon="script.module.resolveurl" optional="true"/>
    <import addon="script.module.simplejson" />    
    <import addon="script.module.livestreamer" optional="true"/>
    <import addon="script.module.pyamf" optional="true"/>
	<import addon="inputstream.adaptive" optional="true"/>
  </requires>
  <extension point="xbmc.python.pluginsource" library="default.py">
    <provides>video</provides>
  </extension>


  <extension point="xbmc.addon.metadata">
    <summary>Desarrollado Por Iberika, Netai, DaQueenQueen</summary>
    <description>Sin encriptado ... libre tu aprendes, nosotros aprendemos y disfrutamos! Siempre codigo libre!</description>
	
	<disclaimer>
  [COLOR blue]Nosotros, ni nuestros usuarios alojamos ningun contenido en este addon. Todo el contenido proviene de sitios web publicos. Disponible para todo el mundo de forma publica y gratuita.[/COLOR]</disclaimer>
	    <platform>all</platform>
	  <assets>
		<icon>icon.png</icon>
		<fanart>fanart.jpg</fanart>
	  </assets>

  </extension>
</addon>
